NAME,PHONE
Muzafer,123
Muzafer,123
Muzafer,123
Muzafer,123
Muzafer,123
Adam,123
Adam,123456789
Adam,123456789
Adam,123456789
mohammed muzaffer,09346017316
Adam,12346548
mohammed muzaffer,12345
Adam,12346548
mohammed muzaffer,123
mohammed muzaffer,123
mohammed muzaffer,123
mohammed muzaffer,123
mohammed muzaffer,123
mohammed muzaffer,123
mohammed muzaffer,123
mohammed muzaffer,123
mohammed muzaffer,123
mohammed muzaffer,1234567890
mohammed muzaffer,1234567890
mohammed muzaffer,1234567890
mohammed muzaffer,123
mohammed muzaffer,123
mohammed muzaffer,123
mohammed muzaffer,123
mohammed muzaffer,123
mohammed muzaffer,123
Adam,1234123
Adam,1234123
Adam,1234123
mohammed muzaffer,
mohammed muzaffer,123
mohammed muzaffer,123
mohammed muzaffer,123asdasdasd
mohammed muzaffer,1234567890
Khaled,123
user1,123456678
